<?xpacket begin="﻿" id="W5M0MpCehiHzreSzNTczkc9d"?>
<x:xmpmeta xmlns:x="adobe:ns:meta/" x:xmptk="Adobe XMP Core 5.6-c011 79.156380, 2014/06/19-23:40:37        ">
 <rdf:RDF xmlns:rdf="http://www.w3.org/1999/02/22-rdf-syntax-ns#">
  <rdf:Description rdf:about=""
    xmlns:xmp="http://ns.adobe.com/xap/1.0/"
    xmlns:dc="http://purl.org/dc/elements/1.1/"
    xmlns:xmpMM="http://ns.adobe.com/xap/1.0/mm/"
    xmlns:stEvt="http://ns.adobe.com/xap/1.0/sType/ResourceEvent#"
   xmp:CreatorTool="AdobeDCXTest"
   xmp:CreateDate="2020-03-27T17:14:12.862+07:00"
   xmp:ModifyDate="2020-03-27T18:43:24.754+07:00"
   xmp:MetadataDate="2020-03-27T18:43:24.754+07:00"
   dc:format="application/vnd.adobe.sparkler.project+dcx"
   xmpMM:DocumentID="3188f0d2-291b-4fac-b4d5-64b917511036"
   xmpMM:OriginalDocumentID="3188f0d2-291b-4fac-b4d5-64b917511036"
   xmpMM:InstanceID="72dcd49a-a991-4b8f-b208-3287d216347a">
   <dc:title>
    <rdf:Alt>
     <rdf:li xml:lang="x-default">SewaTenda</rdf:li>
    </rdf:Alt>
   </dc:title>
   <xmpMM:History>
    <rdf:Seq>
     <rdf:li
      stEvt:action="created"
      stEvt:instanceID="3188f0d2-291b-4fac-b4d5-64b917511036"
      stEvt:when="2020-03-27T17:14:12.862+07:00"
      stEvt:softwareAgent="AdobeDCXTest"/>
     <rdf:li
      stEvt:action="saved"
      stEvt:instanceID="72dcd49a-a991-4b8f-b208-3287d216347a"
      stEvt:when="2020-03-27T18:43:24.754+07:00"
      stEvt:softwareAgent="AdobeDCXTest"/>
    </rdf:Seq>
   </xmpMM:History>
  </rdf:Description>
 </rdf:RDF>
</x:xmpmeta>
                                                                                                    
                                                                                                    
                                                                                                    
                                                                                                    
                                                                                                    
                                                                                                    
                                                                                                    
                                                                                                    
                                                                                                    
                                                                                                    
                                                                                                    
                                                                                                    
                                                                                                    
                                                                                                    
                                                                                                    
                                                                                                    
                                                                                                    
                                                                                                    
                                                                                                    
                                                                                                    
                           
<?xpacket end="w"?>