{"version":"0.19","homeArtboard":"c2634541-438e-40d0-b869-e8e0741c1377","interactions":{"3a484d86-b660-4cfe-8dd9-1f5148666c6f":[{"triggerEvent":"tap","action":"artboard-transition","properties":{"transition":"dissolve","duration":0.3,"easing":"ease-out","preserveScrollPosition":false,"destinationType":"artboard","destination":"94e9e0f5-5cb3-47fb-aea9-e6189a674e6e"},"id":"f3072520-7f66-48e2-bf25-6130773c2a40"}],"49bac78e-6265-472f-a95a-09dd5517e635":[{"triggerEvent":"tap","action":"artboard-transition","properties":{"transition":"dissolve","duration":0.3,"easing":"ease-out","preserveScrollPosition":false,"destinationType":"artboard","destination":"021bca5d-352e-4e7d-a131-c4ff97e442e4"},"id":"cdf3c185-6cb0-4377-b7f3-34ffa6ac6496"}],"f350cedf-065a-4de1-a653-c08f80c38209":[{"triggerEvent":"tap","action":"artboard-transition","properties":{"transition":"dissolve","duration":0.3,"easing":"ease-in","preserveScrollPosition":false,"destinationType":"artboard","destination":"97c51bac-02b8-410b-af13-cb6e5bb37419"},"id":"a490c8fc-d663-41f4-a756-47cb0138a078"}],"d35c6520-80b7-46c5-bbf0-ff438a7d6f03":[{"triggerEvent":"tap","action":"artboard-transition","properties":{"transition":"dissolve","duration":0.3,"easing":"ease-out","preserveScrollPosition":false,"destinationType":"artboard","destination":"94e9e0f5-5cb3-47fb-aea9-e6189a674e6e"},"id":"d0f10ae0-df53-4f83-8e0c-bc362f3998a2"}],"4ba5622d-90b4-4fb8-bff5-2a0085c6c215":[{"triggerEvent":"tap","action":"artboard-transition","properties":{"transition":"dissolve","duration":0.3,"easing":"ease-out","preserveScrollPosition":false,"destinationType":"artboard","destination":"c2634541-438e-40d0-b869-e8e0741c1377"},"id":"994459f3-82c8-4761-b3c3-ed7288581626"}],"2e87b16f-d42b-401d-ab6f-5973aba7ee05":[{"triggerEvent":"tap","action":"artboard-transition","properties":{"transition":"dissolve","duration":0.3,"easing":"ease-in","preserveScrollPosition":false,"destinationType":"artboard","destination":"dd732a27-28a1-4a36-9465-de5ebc572bf2"},"id":"89d144d9-38cc-4a90-a45a-9d8a5e003548"}],"361bcac1-2b54-4cfe-a94d-8e4f693b987c":[{"triggerEvent":"tap","action":"artboard-transition","properties":{"transition":"dissolve","duration":0.3,"easing":"ease-in","preserveScrollPosition":false,"destinationType":"artboard","destination":"c2634541-438e-40d0-b869-e8e0741c1377"},"id":"9a741a60-fd79-4f84-a428-350ca88683c8"}]}}